{"listing_id":41743,"id":124345,"date":"2010-10-22","reviewer_id":204437,"reviewer_name":"David","comments":"We stayed in Steven's apartment for two weeks. \r\nWe had a great time exploring the vibrant Mission District. The apartment is located one street from the super nice Valencia street, where we had most of our dinners.\r\nThe apartment is very small but bright. The bed was nice and the kitchen was alright.\r\nOur only problem with the apartment was that it was quite dirty. \r\n\r\nWe liked staying there and the price was good ... but Steven you need to clean your apartment better!"}