{"listing_id":21334,"id":126369,"date":"2010-10-25","reviewer_id":219305,"reviewer_name":"Paul","comments":"Stayed at Joe's place last weekend while visiting my daughter in San Francisco. Great place, comfortable and well furnished with good books, movies, etc., which were important because it rained all weekend.  An excellent location, within easy striking distance of most tourist destinations and transportation.  Joe's a very nice guy who met me when I arrived and did everything necessary to make sure I enjoyed my stay.  Highly recommended."}