{"listing_id":17330,"id":126323,"date":"2010-10-25","reviewer_id":101425,"reviewer_name":"Annie","comments":"Tanya was a pleasure to work with, always prompt with responses and incredibly patient with me and accommodating during the booking process.  The lovely apartment is set at the back of the house off the street so it's very quiet.  We were 6 adults and 2 small children and, while it was snug because we were so many, we had everything we needed and, honestly, enough privacy.  The master bedroom was a highlight with it's terrace looking into the beautiful little backyard.  The bathroom is nice and big, the kitchen is fully equipped (loved the abundance of tea and coffee) and there were plenty of sheets and towels for all of us 2x over.  The location is perfect!  It's just 2 blocks from Fillmore St, 1/2 block from Alta Park, tons of buses available, clean, quiet and safe.  We wouldn't hesitate to stay here again in the future.  Thank you for everything Tanya."}