{"listing_id":56621,"id":133617,"date":"2010-11-04","reviewer_id":270043,"reviewer_name":"Rachel","comments":"Jay is such a sweetheart!  She keeps her place warm and welcoming, there is so much LOVE in that home!! My room was spacious and had plenty of windows, looking out onto the street and brought the sun shining in to welcome the day. Jay has lots of books about travel and cooking. I love that she plays music in the kitchen, and really just makes everyone feel like they belong and have known her for ages!  Jay is super friendly and has a good, kind heart.  She understood I was under a lot of stress to get things done the days I was there, and was very considerate to make sure my flight, etc worked out.  Her home is located just blocks from Whole Foods fresh foods, and the residences in the area (including hers) are just beautiful! Pacific Heights is positive and bright location to be in. I loved the porch outside the kitchen and stairs. The room I was in was spacious, clean, comfortable, and had plenty of lamps & desks, including a darling fireplace.  Thank you Jay! I would love to stay again if ever in the future possible.  Until I make it back to SF(soon)-Take care doll!!"}