{"listing_id":17330,"id":193159,"date":"2011-03-06","reviewer_id":19439,"reviewer_name":"Alexis","comments":"I was coming to SF for a conference, downtown, and wanted to stay away from the busy life. Tania's place is conveniently located in Pacific Heights, right next to Alta Plaza park, which made the week I spent there really relaxing. Less than half an hour to go downtown each day, and the restaurants on Fillmore and around to enjoy the evenings!\r\nPlus, the apartment is really spatious and the small garden in the back of the house is perfect for sunny mornings (the kitchen has all that you need to help with that)."}