{"listing_id":56621,"id":210915,"date":"2011-03-28","reviewer_id":326761,"reviewer_name":"Katarina","comments":"I had a very nice stay at Jay's place. My room was spacious with clean and fresh bed sheets, plenty of pillows, and cozy blankets. The room had internet which will be helpful to people who cannot be without their devices. I was able to use her kitchen and bathroom as needed. \r\nJay's apartment is near Whole Foods market, and China Town where I got an excellent massage. \r\nThank you so much Jay for your excellent hospitality."}