{"listing_id":56621,"id":234964,"date":"2011-04-22","reviewer_id":413219,"reviewer_name":"Cristiana","comments":"My nearly month long stay in SF with Jurate was better than I could have ever expected! \r\nThe accommodations were fantastic: in a perfect location, near Whole Foods, CVS, and several bus routes, walking distance to Nob Hill, Russian Hill, Marina, and Chinatown. The room was spacious, comfortable, and very inviting!\r\nJurate also housed other students so I never felt alone and always had some company to talk to. \r\nOverall, I would strongly encourage a stay with Jurate and especially a stay in San Francisco!\r\n...Counting down the days until I can return!"}