{"listing_id":33577,"id":246789,"date":"2011-05-01","reviewer_id":495175,"reviewer_name":"Fiona","comments":"This was our first Air B and B experience and we got lucky. The owner, Kappa, couldn't have been more helpful and considerate. And the place is magical! A green oasis in the urban setting of Potrero Hill. Loved the self-contained studio we stayed in which was so much nicer than a hotel room and it was fantastic to walk out the door into the beautiful garden. Treat yourself if you're in the area."}