{"listing_id":114401,"id":283949,"date":"2011-05-27","reviewer_id":170764,"reviewer_name":"JayBee","comments":"George’s space is located on a quiet owner-occupied block within Dolores Heights, the sweet spot that straddles and is a short walk from both the cruisy Castro and the edgy Mission District.\r\n\r\n \r\n\r\nHis Edwardian 2-BR condo is spacious, tidy, well appointed, and decorated with images celebrating the male form and humorous campy-cheeky art and novelties. At the under $100 price point, George’s offering is a bargain. He will have no trouble charging more once word gets out.\r\n\r\n \r\n\r\nGeorge is kind, responsive, thoughtful, and overall good to deal with. When I awoke, he was gone for the day but had left behind a freshly-brewed pot of coffee. Sharing George’s space is his designer cat, a charismatic cat as cats go.\r\n\r\n \r\n\r\nThe bedroom is fairly huge by San Francisco standards and has a slender view of the Bay Bridge and some of the surrounding towers. The condo’s living room and kitchen face onto a sun deck and offer sweeping views of Corona Heights and the city to the north.\r\n\r\n \r\n\r\nI would stay at George’s again and would readily recommend it to my friends visiting San Francisco."}