{"listing_id":56621,"id":296339,"date":"2011-06-03","reviewer_id":602415,"reviewer_name":"Carolyn","comments":"I thoroughly enjoyed my stay with Jay.  She welcomed me into her beautiful home with her positive presence.    The location was PERFECT....I could walk everywhere and did not have to pay for even one cab! She was generous with basic breakfast items and the bed/pillows were comfortable! My room had a view of the street with lots of natural light.  When the opportunity arises, I will definitely stay with Jay again!"}