{"listing_id":121238,"id":304340,"date":"2011-06-08","reviewer_id":103704,"reviewer_name":"Glorybelle","comments":"Ali and Jonny's place is gorgeous, cozy and comfy. I think it's even better than the pictures! The apartment is located close to many great places in the city: Dolores Park, Bi-Rite ice cream, the Mission, the Castro, easy access to all of it. I felt safe there, and ran alone in the early morning hours without any problems. Check-in was very easy and Ali & Jonny were available by cell phone, and quick to respond when I needed anything. They left a nice note and a bottle of wine to welcome me. I wish I could have stayed longer! I highly recommend their Beautiful Sunny Apartment. Definitely worth the price and more. :)"}