{"listing_id":33577,"id":324388,"date":"2011-06-20","reviewer_id":633538,"reviewer_name":"Maximilian","comments":"I would totally come back here again. Kepa was a great hostess. The place was very clean and the garden was great. \r\n\r\nIt was a great place to have home base as I took trips all around the city and surrounding areas. I did not rent a car and there were bus stops one block away. \r\n\r\nThe food up the hill on 18th street was excellent. Try Plow for breakfast and Goat Hill Pizza for dinner.\r\n\r\nBetter than staying in a hotel."}