{"listing_id":17330,"id":334622,"date":"2011-06-26","reviewer_id":407779,"reviewer_name":"Colleen","comments":"Having never been to San Francisco OR rented accomodations from a private owner, we were somewhat anxious about our trip.  Would the apartment look just as it did in the pictures?  Would the location be good for our sightseeing?  \r\n\r\nWe are happy to say we were extremely pleased with the rental.  Tanya was fabulous to work with and answered all of my emails promptly.  The apartment's location in Pacific Heights couldn't have been better - we felt like locals!  The home is located in a beautiful neighborhood with a park just steps from the home (sweeping views of the city) and we were able to walk to dining and shops.  We rented a car and street parking was relatively easy each night, allowing us to park very close to the house.  There was only one night when we arrived back at the rental quite late and we had to park on the next block in front of the park, but because the neighborhood felt so safe we felt fine about doing so.\r\n\r\nThe apartment itself is very spacious.  I was traveling with two other people and we never felt crowded for space.  It was great to have a full kitchen - we saved quite a bit by eating breakfast at the apartment each morning.  The apartment had nice furnishings, great bedding and tons of white fluffy towels.  We truly didn't need anything during our visit!  When we arrived, Tanya was quick to provide tips on how to get to the grocery store and shops and other information on the surrounding area.\r\n\r\nFor those who wish to sightsee, we purchased a 2 day city loop hop on / hop off double decker tour from Open Top Tours.  The bus stops every 20-30 minutes at Lombard and Fillmore which is an easy walk from the rental.  We took a cab back to the rental one day from the Haight-Asbury area and it was just $9.  The location was very accessible to all of the things we wanted to see and public transportation stops right outside the house.\r\n\r\nI would definitely recommend this rental to friends and family traveling to San Francisco and would love to stay there again if I get to make a return trip!"}