{"listing_id":114401,"id":336342,"date":"2011-06-26","reviewer_id":682244,"reviewer_name":"Jacqueline","comments":"Very warm and welcoming host and the room was great - comfy bed, beautiful view of the city, tv & wireless internet.  The apartment is super cozy and exactly what I love - filled with lots of books and art!  Though I didn't end up eating anything because I was barely at the apartment, George was also really generous with the kitchen (coffee, breakfast, snacks, etc.).\r\n\r\nAll in all great stay and I would definitely go back!"}