{"listing_id":33577,"id":340486,"date":"2011-06-28","reviewer_id":652957,"reviewer_name":"Hannah","comments":"I had the most incredible time staying here! It's a hidden garden oasis right in the city! The suite was clean, well decorated and cozy with cable TV, wifi, coffeemaker, mini fridge and more. Parking was really easy too!\r\n\r\nKepa is a great host! She was very welcoming and made me feel right at home. \r\n\r\nI will definitely be staying here again next time I'm in SF. I highly recommend this place!"}