{"listing_id":33577,"id":355674,"date":"2011-07-05","reviewer_id":608651,"reviewer_name":"Nguyen","comments":"This is probably THEE best hidden gem that you can find in San Francisco. In addition to Kepa, the amazing host, you will also be greeted by a fantastic, spacious, beautiful jungle as you walk through the backyard leading to your private, comfortable and relaxing unit. I was pleased to find several food options within 2 blocks that were wonderful, in addition to being able to drive or walk 1.3 miles to the mission to visit my favorite spots. The area is safe and accessible by public transportation, or if you have a car there is plenty of parking.\r\nOverall, this is the perfect San Francisco find if you want to enjoy the city and come back to a relaxing rental."}