{"listing_id":33577,"id":408887,"date":"2011-07-31","reviewer_id":462976,"reviewer_name":"Christian","comments":"For some the location may seem to \"industrial\" but as soon as you enter the side door into the back yard you are in a different and lovely world; grass, lights, places to sit and relax, so homie, and cozy. Kepa was laying out enjoying a nice outdoor nap and popped up to greet us with a warm smile. \r\n\r\nThe room/studio itself was just as nice, cozy and well taken care of. You can tell she enjoys having guests. There's a little fridge with some drinks, coffee maker, Ritual brand coffee ( a local fav,) teas, dishware, robes, soaps, etc. \r\n\r\nUp the street a couple of blocks you will find 18th Street which is a great little strip of neighborhoody coffee shops, stores, brunch places, local hang out bar, etc. And, a block down and in either direction you will find local favorite spots that are not on your typical \"visit SF\" lists like Bottom of the Hill for drinks and music and the Connecticut Yankee. You're not too far away from SF's Anchor Steam Brewery either. They have a nice tour of their factory and even some nice tasting afterwards. \r\n\r\nAnd, if you shoot down 17th Street heading west (a short drive by car, longer bike ride or an adventurous walk) and you will find yourself in the heart of the Mission, Valencia and continues to the Castro. All are varying levels of funky and cool. \r\n\r\nKepa's place is fantastically located for real (not touristy) SF adventuring. That's assuming you're able to escape the siren like confines of the cozy back yard and room."}