{"listing_id":114401,"id":433434,"date":"2011-08-09","reviewer_id":894172,"reviewer_name":"Keith","comments":"This accommodation was exactly as advertised. If you are looking to stay in the middle San Francisco's famous Castro district, it doesn't get more convenient than this. In spite of being mere hundreds of feet from \"the action\", this house is a haven of peace and quiet. George is a native SF with unparalleled knowledge of the city. He is a friendly host and will make sure you get to exactly where you want to go."}