{"listing_id":114401,"id":450197,"date":"2011-08-16","reviewer_id":68156,"reviewer_name":"Caitlin","comments":"George was an absolute JOY to stay with.  He made me feel like I was at home and 100% welcome.  I enjoyed my stay here so much I ended up re-booking the next time I was in town.  I would honestly recommend his great home to any and all of my family/friends.  Also, his place is in a perfect location - the sun is always shining, the Muni is super close and there are great restaurants surrounding you everywhere!"}