{"listing_id":33577,"id":459559,"date":"2011-08-20","reviewer_id":623586,"reviewer_name":"Jackson","comments":"Best place to stay in SF! A quiet oasis in a super convenient location. Easy parking, great shops and restaurants in easy walking distance, walk to the bus stop. Kepa is the ultimate host, taking great pride in providing superior accommodations. The neighborhood is quiet and safe.\r\n\r\nThe suite is comfortable, roomy and well appointed. Everytime we left we couldn't wait to return to the garden suite. In fact we spent 2 nights in a fancy shmancy b&b in Mendocino - which paled in comparison. Should have never left!\r\n\r\nI hope to return, and would never consider staying in a hotel when in town again."}