{"listing_id":21334,"id":46296,"date":"2010-05-25","reviewer_id":118323,"reviewer_name":"Sharvedh","comments":"Joe Murray is an excellent host. His loft studio apartment is one of a kind experience and this is a must experience for all travelers who want to experience San Francisco to the fullest extent. I stayed at his studio apartment and I was able to walk down to Fisherman Wharf, Chinatown, Ferry Building and Presidio. All are within half an hour of walking. Besides that, I also use the bus on Pacific Avenue which is on the next block from where the apartment is. It is within short distance to all tourist landmarks. Also, it is about half an hour to Powell Station where I can buy a day pass to travel on cable car, Muni, and Bus. Also, down on the road of Broadway, there is a Cable Car Stop. Besides, I found Joe Murray’s apartment very comfortable. I strongly recommend this apartment to anyone who considers visiting San Francisco. Kudos to Joe Murray."}