{"listing_id":114401,"id":480155,"date":"2011-08-27","reviewer_id":725867,"reviewer_name":"Mohit","comments":"Gerorge was a great host to say the least! Firstly, since my travel was last minute, I was getting quite anxious of fixing a place for myself. And he was quick enough to respond to my request and made me feel very comfortable even before i arrived at his place. He also made sure, to leave some emails for me, which gave me good enough suggestions to get myself from the airport to his home (in case i opted for public transport). \r\nI arrived late on a Thursday evening from a long flight from India to SFO and George had it all organized when i came in. After a quick show down of his home and an intro to his beautiful cat. He offered me to use his refrigerator which was stacked with lots of food, wine and chilled beer. Which I thought was very courteous of him and totally unexpected. \r\nAlso, since I was coming from India, he took the pain of organizing an Indian restaurant menu (which was 2 blocks from his home) and told me that I could even order food from there as an alternative. \r\nThe icing on the cake for me was when I saw a print out kept on my bed, which had clear instructions on how I could get myself from his home to AirbnB's office at Rhode Island. Had I opted to choose public transport and also that it was important for me to carry exact $2 change. \r\nDuring my stay, I met George only twice, which was sad. But I would recommend his home to anyone who is visiting SFO. Also, his home is well connected to a market + public transport in case anyone wishes to visit the financial district and downtown area."}