{"listing_id":33577,"id":506238,"date":"2011-09-06","reviewer_id":893881,"reviewer_name":"Laura","comments":"We loved our stay at Kepa's Potrero Hill Garden Suite! It is truly a hidden gem -- an relaxing oasis away from all of the noise of the City but also walkable to many fabulous restaurants (go to Plow for brunch!) and happenings in SF. We stayed here for a long weekend as we had a wedding to attend in SF. Kepa has done a fabulous job decorating the space, and the garden is beautiful and sunny. We really enjoyed chatting with her and hanging out in the backyard. Would definitely stay here again!"}