{"listing_id":114401,"id":538934,"date":"2011-09-17","reviewer_id":933758,"reviewer_name":"Carl","comments":"I recently attended a medical conference in San Fransisco at the Moscone centre and stayed at the Edwardian Condo with George Knuepfel.\r\nEverything from the reservation until the booking out was without any problems.The Condo was well located in San Fransisco and George even drove me around to show me the place. \r\ni would definitely recommend the Condo as an alternative to pricey hotel rooms."}