{"listing_id":33577,"id":541739,"date":"2011-09-18","reviewer_id":680736,"reviewer_name":"Stephane","comments":"Where to start? Really a full on experience. First of all, Kepa is very friendly and accomodating. Very easy to deal with and nice talking to with interesting stories about the neighborhood. The Suite is really as shown on the pictures. Spacious, but with tasteful and design furnishing. And of course very clean. The garden is simply astonishing with a mix of plants, flowers, vegetables and herbs! The location is not the most central, but bus 22 and 10 brings you quickly either downtown or on the west towards Mission and Castro. Balanced with the fact that the area is very quiet and the nearby restaurants are pretty nice, we really felt very well and would like to come back again! Thanks Kepa."}