{"listing_id":207980,"id":547509,"date":"2011-09-19","reviewer_id":853878,"reviewer_name":"Crystal","comments":"The pictures of this house really do not do the place justice. The view from the deck is amazing. We had the house on a gorgeous clear SF day so it was that much better. \r\n\r\nThere's a grill for use on the deck outside, which we totally took advantage of. The living rooms and kitchen are very spacious, which helps if you have a large group staying like we did. The beds were also very comfortable. \r\n\r\nBruce was very easy to get a hold of and easy to coordinate details with. The house isn't  in the middle of the hussle and bussle of the city, so be aware when making plans while you are in town. (i.e. not easy access to cabs or public transit). \r\n\r\nOverall, great stay. Thanks, Bruce!"}