{"listing_id":21334,"id":562347,"date":"2011-09-24","reviewer_id":910593,"reviewer_name":"Kristin","comments":"Joe's place is fantastic! He greeted us on arrival and showed us around, telling us where the best places to eat are. The apt was stocked with champagne, fresh oj, bagels and plenty of snacks. Great neighborhood, easy access to public transportation and very quiet. \r\nThe only cons were the steep climb up to the apt (it's a whip!) but the view is beautiful. Also my husband and I are quite tall and had a hard time getting comfortable in the loft bed. Just FYI to the tall folks out there :)\r\nOverall, great stay!"}