{"listing_id":114401,"id":574142,"date":"2011-09-27","reviewer_id":992435,"reviewer_name":"Rocky","comments":"Staying at George's place was great!  The view from the patio is amazing and so is the proximity to tons of local shops and restaurants.  He was also a great host and drove me around several San Francisco landmarks one evening.  I'm a foodie and he picked places for us to see based on what we could eat!  Catch local transporation is also two to three blocks away, I was on foot the whole time and it was perfect.  When I arrived he left a message on things I may want to try out which included a trip to a local farmer's market and then a ferry ride to Sausalito, all of which I did and am so happy I listened!  I would definitely recommend staying at George's place and would do so again in a heartbeat when I go back to San Francisco."}