{"listing_id":33577,"id":586656,"date":"2011-10-01","reviewer_id":1142245,"reviewer_name":"Yvonne","comments":"Kepa's garden hideaway is a lovely surprise for any guest.  The entranceway opens into a lush garden with ferns, palms and a terraced patio; on one side is a vegetable patch with a greenhouse.  There is a quiet beauty in this environment that radiates harmony,.  It reminds me of the hidden courtyards that surround homes in many Latin American countries. The cottage fits comfortably in this setting."}