{"listing_id":33577,"id":592707,"date":"2011-10-03","reviewer_id":1089540,"reviewer_name":"Matt","comments":"Our 2 night stay at the Potrero Hill Garden Suite was superb! Kepa is extremely friendly and accommodating. The actual location is very convenient from SFO, and is an easy walk/drive to many \"touristy\" spots. Kepa has a beautifully maintained garden that is like an oasis inside the city. The actual garden suite itself is wonderful. The space is large, the bed is comfy, and there is a kitchenette that is very functional. It is decorated beautifully. A similar room at a hotel in the city would easily be $300-$500 per night. We were extremely happy with our SanFran AirBnB pick and hope to spend more time with Kepa at her garden suite in the future."}