{"listing_id":175427,"id":593882,"date":"2011-10-03","reviewer_id":1131782,"reviewer_name":"Sasha","comments":"Matthew is an accommodating host who'll make sure you have a comfy stay! His space was beautiful, well-decorated, and kept very clean. I also enjoyed the lovely spacious garden!\r\n\r\nIt is on a quiet street near a couple nice parks and only about a 5-minute walk from Castro, one of the best neighborhoods in the city. I definitely recommend Matthew's space if you're looking to stay in SF."}