{"listing_id":17330,"id":602803,"date":"2011-10-06","reviewer_id":755821,"reviewer_name":"Anne Marie","comments":"Even better than advertised!  Great location near Alta Plaza park, excellent bus connections, food nearby, quiet street with some parking available outside of working hours.  Apartment was perfect for us and our son, loved having the bedroom off the patio with the lovely garden outside.  Zero street noise.  Great to be on vacation with all the conveniences of home.   Also, VERY clean!!"}