{"listing_id":21334,"id":612007,"date":"2011-10-09","reviewer_id":1185997,"reviewer_name":"David","comments":"I simply can't say enough about Joe's hospitality and really enjoyed staying at his loft.   Joe really went the distance in making it an enjoyable experience, picking me up at the Bart station and leaving a sandwhich and beverages in the refer and more snacks than I could consume.   He's a kind, helpful and classy guy and I highly recommend him and his funky cool digs, which come complete with a Great Books library.  How nice is that?   Great and very safe neighborhood.   I also slept like a baby every night on the Temperpedic bed atop the ladder-access loft.   Had a pleasant 25 minute walk each morning to the financial district through safe neighborhoods, yet Chinatown and Polk Street are also within a 10-20 minute walk and the living room looks out at the Grace Cathedral tower and the Top of the Mark, also within walking distance.   In fact, I never took a cab or bus while there.  Could not have had a better experience.   Joe's the best."}