{"listing_id":33577,"id":613326,"date":"2011-10-10","reviewer_id":440128,"reviewer_name":"John","comments":"Staying at Kepa's was really nice. She was a great host and very helpful & friendly. The accommodation was great (with a beautiful garden) and accessible for getting around San Francisco. The area has some great restaurants and it gave us a chance to experience some of the culture of San Francisco. Coming from Australia for our first visit to the states everything was great, our stay was really enjoyable and we would go back there again."}