{"listing_id":33577,"id":641309,"date":"2011-10-18","reviewer_id":1032574,"reviewer_name":"Josie","comments":"My husband and I really loved our stay.  It was our first time using Airbnb, so we were both a little skeptical.  However, after reading all the wonderful reviews about Kepa and her lovely garden studio and exchanging a few emails with Kepa, we decided to go ahead and book.\r\n\r\nI'm so glad we did.  The studio was very clean and very comfortable.  The garden was amazing and so was Kepa.  She's a wonderful host and was super helpful with providing suggestions, information etc.  We found Kepa to be very thoughtful and all of her attention to small details inside the suite impressed us.\r\n\r\nIt was such a treat exploring Potrero Hill as well.  Next time, we'd love to spend more time trying out all of the great restaurants nearby.  As for getting to other parts of the city, we walked, used transit and took taxis (the taxis came really quickly).  It was quite easy to get around.\r\n\r\nLooking forward to returning!"}