{"listing_id":33577,"id":672168,"date":"2011-10-28","reviewer_id":1309855,"reviewer_name":"Sean","comments":"My first airbnb experience was as a guest at Kepa's Garden Suite. I am left feeling incredibly impressed by my stay at her property. To start, Kepa provided clear, concise, punctual communication when booking the suite. Her level of communication established an immediate level of trust. Upon arrival at the property, Kepa casually but warmly welcomed us, allowing us a moment to settle in before showing us around. As a first-time guest, I had a lot of questions for her about her experiences on airbnb, and she was very generous in taking the time to talk with me. I am a San Francisco local who was on a stay-cation, but my chat with her is a great indication for out of town guests who might be in need of local tips, tricks, and reminders. Aside from the info Kepa is willing to share, the suite is equipped with a list of neighborhood hotspots, local guide books, and other inspiring reads to help shape your stay.\r\n\r\nI could go on and on, but to wrap things up...the Garden Suite was very clean and well kept and I would certainly stay there again. I hope to have more time on my next stay so that I can enjoy the beautiful gardens in the backyard of the property."}