{"listing_id":150848,"id":672110,"date":"2011-10-28","reviewer_id":1327754,"reviewer_name":"Lisa","comments":"Staying with Nancy was exactly what I needed. The loft was peaceful and airy, with beautiful decorative and functional touches. It was a joy to have a private half bath in my room, in addition to the full bath for showering. Having a washer and dryer was really helpful, as I was able to travel with a small bag knowing that I could rinse out clothing items as needed.  \r\n\r\nHaving access to a refrigerator saved me a ton of money, as I was able to stock fruit, juice and yogurt for breakfast without having to eat out at every meal. Perfect for the girl on a diet!:) Wireless internet was a must for me, and helped facilitate me working while relaxing in bed.\r\n\r\nNancy was personable and helpful. The neighborhood is great - with several cafes and some popular restaurants within 2-3 blocks. If you're up to a 20-45min walk, you can literally walk to many neighborhoods in the city. Of course there are buses nearby, as well.\r\n\r\nNancy's space was exactly what I needed - AND I saved several hundred dollars in food and hotel costs! Thanks again, Nancy!"}