{"listing_id":33577,"id":683511,"date":"2011-11-01","reviewer_id":640644,"reviewer_name":"Kiriko","comments":"We rented the Garden Suite for our parents' weekend visit to San Francisco and we all were in love with the place.  Inside it's very chic and comfortable, but the garden outside is just magical.  During the daytime you can get some sun on the patio and enjoy the beautiful view of Kepa's plants and vegetable garden, and at night there are beautiful strings of lights illuminating the garden.  Thanks Kepa!"}