{"listing_id":114401,"id":699685,"date":"2011-11-07","reviewer_id":844264,"reviewer_name":"Matt","comments":"I had a wonderful stay at George's home this past weekend and would definitely stay again on future visits to San Francisco.\r\n\r\nThe location was perfect for anyone looking to be near the Castro neighborhood - literally a two block stroll from the heart of a vibrant and diverse neighborhood with many great restaurants, bars, and shops just moments away from the front door.\r\n\r\nFrom George's elevated porch/balcony, a breathtaking view awaits anyone looking out into the San Francisco hills and skyline. \r\n\r\nWhile the location, the view and the accommodations were amazing, equally refreshing was how friendly George and Kuma were. George was very helpful in identifying some restaurants to try out in the area and was extremely thoughtful in everything - for example, offering an umbrella when it rained or a drink after getting back from a walk outside. \r\n\r\nKuma, George's gorgeous cat was equally welcoming through my entire stay - a few times keeping me company while I watched a little TV here and there.\r\n\r\nLong story short, if you're looking for a room to stay in the Castro area, check out the Edwardian Condo on your next visit!"}