{"listing_id":56621,"id":713255,"date":"2011-11-13","reviewer_id":1215579,"reviewer_name":"Marco","comments":"Jay is such an awesome host. Everything was perfeclty fine; Big, clean room, a super comfy bed, a shared kitchen, also a big shared bathroom and so on. I must say that I haven't missed anything during my stay. There's a Whole Foods Market just a few blocks away from the house, and if you need a quick snack or want to get something to drink.. no problem; There's a 24h Subway and a CVS store just two blocks away. \r\n\r\nThe location of Jay's house is simply perfect for everyone who wants to explore San Francisco and its famous places and buildings; It takes only 15 Minutes to downtown sf (by foot). There's also a bus station right across the street.\r\n\r\nI highly recommend both Jay and her house. Give it a try, it is worth every cent. I promise.\r\n\r\nThank you for everything, Jay! See you next year!  :D"}