{"listing_id":213854,"id":713385,"date":"2011-11-13","reviewer_id":1241349,"reviewer_name":"Rudi","comments":"The flat is absolutely magnificent! We loved it so much! Everything was top notch! The location was amazing! The kitchen has every appliance you could need. The beds are super comfortable and large. The living room is really nice and the sofas are comfortable. The only downside were the windows towards the street (the let all the noise from the street through) but even that is being fixed probably right now (a guy came by, measuring the windows to install new ones). \r\n\r\nAll in all, absolutely magnificent, We have no complaints whatsoever! I can recommend this place to everyone. It's truly a 5 star stay! Don't waste your money in a hotel!"}