{"listing_id":150848,"id":723484,"date":"2011-11-15","reviewer_id":1391264,"reviewer_name":"Jessica","comments":"Nancy was a gracious and accommodating host for our weekend stay in SF - quick to respond during communications, which is important to us.  Our first experience with airbnb and she made it a wonderful memory.  The room was clean and comfortably decorated.  Atop a large hill, the view of the city from her front door is breathtaking!  If you want to experience San Francisco from the perspective of a local, this is a great place to start - from the beautiful victorian home, to the morning cup of espresso, and a map of great restaurants/coffee shops around the block.  The location of her home is in a quiet neighborhood, yet just a few minutes drive to anywhere on the bay.  Highly recommended for a great SF experience!"}