{"listing_id":149996,"id":731682,"date":"2011-11-20","reviewer_id":855919,"reviewer_name":"Sabrina","comments":"This is a beautifully appointed apartment with all the conveniences of home.  Julia's assistant, Cam, gave a warm welcome complete with thoughtful touches such as comfy house slippers and the choice between AppleTV or Roku.  Julia remembered that I had expressed interest in using the laundry facilities back when I inquired about a booking and diligently made arrangements for access.  The comfortable apartment combined with the attentive hosts made for a thoroughly enjoyable stay - this will be my go to place for future SF trips!"}