{"listing_id":33577,"id":734938,"date":"2011-11-21","reviewer_id":395103,"reviewer_name":"Ayni","comments":"When I told my colleagues at Airbnb I was staying here, the overwhelming response was \"oooh! we love kepa!\"\r\n\r\nThis garden suite is the perfect spot, located in sunny Potrero Hill. Kepa is the ultimate host. Local apples, coffee from the popular Ritual Roasters, books, local maps, and a clean and beautiful studio apartment await. \r\n\r\nKepa has hosted people from all over the world and balances being available for questions and hang outs with creating a private home for you where you can come and go as you please. With an amazing garden outside your door - you may find yourself spending the morning sitting in the sun drinking coffee and getting to relax. I did.\r\n\r\nEnjoy your stay!"}