{"listing_id":207980,"id":749509,"date":"2011-11-28","reviewer_id":1319523,"reviewer_name":"Lilia","comments":"We had our Thanksgiving week in this lovely house with beautiful views. We brought our equipment to cook our Thanksgiving feast but of course realized too late that many key tools were left at home.  We were very pleasantly surprised to see how well equipped his kitchen was.\r\n\r\nWe will stay there again and again and again.\r\n\r\nWe love his love for art and wonderful books all around the house(URL HIDDEN)"}