{"listing_id":33577,"id":764895,"date":"2011-12-05","reviewer_id":796345,"reviewer_name":"Joe","comments":"What can I say about Kepa that hasn't already been said by countless others?  My trip with Kepa was my first \"real\" Airbnb experience, and it paid in dividends.  Kepa and I hit it off immediately, and it felt like I was staying with a friend as opposed to a stranger.  She's a host that embodies everything Airbnb stands for and hopes to accomplish.\r\n\r\nIf you're in San Francisco, bottom line is this: Stay with Kepa.  She'll make your trip nothing short of amazing."}