{"listing_id":150848,"id":768150,"date":"2011-12-06","reviewer_id":2873593,"reviewer_name":"Linda","comments":"From our first inquiry to check-out, our stay with Nancy was flawless. She responded quickly to our reservation request and all our questions, provided all the information we needed about the apartment AND great information on neighborhood restaurants. Nancy herself is super nice and very welcoming. The space was clean, cute, and comfortable for two people, and the bed... we may have called it a night early once or twice just knowing that awesome mattress was waiting for us (and waking up to the sunrise through the window every morning was an added bonus. Nancy provides shades if you'd rather sleep in). I wish we'd had more time to spend in the garden. We would stay here again and will recommend it to friends. \r\n\r\nTraveler's tip:  If you're taking public transportation, the bus stops about a block from the house."}