{"listing_id":207980,"id":773424,"date":"2011-12-09","reviewer_id":887013,"reviewer_name":"Rob","comments":"Bruce was super helpful and a really great host for our team members who were in town for training.  They loved his place and even the surprise treats from his shop!  Fantastic stay :) Here are some quotes directly from them: \"Bruce's place was quintessential San Francisco; perched high atop a hill, with views cascading down into the city, it had culture, class and culinary delights.\" \"Bruce was a thoughtful and considerate host,. The fresh pastries and cookies from his cafe ROCKED! His stylish decor was great, and the accommodations and plentiful pillows provided the perfect respite to recover from the rigors of action packed San Francisco days.\" \"Thank you Bruce! We shall return!\""}