{"listing_id":33577,"id":796632,"date":"2011-12-20","reviewer_id":1482892,"reviewer_name":"Michael","comments":"My daughter just had my grandson a month ago and Kepa's suite was 5 minutes away, very convenient.  The place was clean and had the right touches to make you feel very comfortable.  Furnished with everything you would need unless you do some serious cooking.  The garden that you see as you enter and view from your room is beautiful which made the trip totally enjoyable.  Thank you Kepa.\r\nMichael Widdows"}