{"listing_id":213854,"id":798794,"date":"2011-12-21","reviewer_id":1450229,"reviewer_name":"Badreah","comments":"We had a great time in this holiday home.  The location was fantastic (a couple of blocks from Castro and right across the street from a small supermarket.  Public transport is convenient and there is so much to do within walking distance.  Parking is easy, and you have the option of renting a garage.  I recommend Squat and Gobble for a delicious breakfast 5 minutes away.  The apartment itself is spacious and nicely decorated.  The beds are so comfortable we checked the labels so we could buy the same.  To get to the apartment you have to go up 1 1/2 short flights of stairs.  My mother who can walk, but not far found it an easy challenge.  I highly recommend staying here, I tried to return, but it was booked.  Good luck to Lex and congrats on the great apartment."}