{"listing_id":207980,"id":832580,"date":"2012-01-03","reviewer_id":1309432,"reviewer_name":"Eric","comments":"The host (Bruce) was spectacular.  He was always available to us if we had any questions about the property or the city. We even had pastries available to us on request. The home itself is perfectly situated. If you don't have a car the 52 bus will take you down the hill to a train. Twin Peaks is a 5 minute drive away. There's also a supermarket that's walking distance. It felt like we were close enough to everything whether we decided to use public transport or car. The home itself is perfect for a family. The rooms were spacious and accommodated our large party easily. Kitchen is large and well stocked. Ideal for entertaining. There's also a great deck for grilling our just enjoying the skyline."}