{"listing_id":149996,"id":871467,"date":"2012-01-19","reviewer_id":1402569,"reviewer_name":"Dale","comments":"First the positive: location is superb, bus servce, restaurants, groceries, morning coffee (Coffee to the People), Golden Gate Park, Randal Park, etc. Haight St is a great neighborhood.\r\nThe apartment could use some work. Entry lock was broken and to Julia's credit was fixed promptly. Bathroom door latch didn't latch, but we did not mention it, so it remained as is. Towels were too big for people of moderate stature and no face clothes were provided. No drawer space for storage, only open shelves. This worked for some larger items, but much had to remain in the suit cases. Inconvenient. Shower was primitive, but it worked. Apartment okay for two, but not for 3. Eventually the charm of the Haight took over (for me anyway) and some of the inconveniences seemed to diminished. Oh, kitchen faucet needs to be replaced - beyond repair. But the neighborhood is pure SF! The more I remember about it, I might even want to go back there."}