{"listing_id":21334,"id":890510,"date":"2012-01-30","reviewer_id":408802,"reviewer_name":"Ryan","comments":"This place is pretty incredible. Felt like we were staying at a relative's or an old friend's place. The eccentric decor and memorabilia make you feel familiar and welcome. Very cozy... the loft bed will make you lazy, in a good way. Location is perfect for seeing the city... the views from this area are spectacular. I loved waking up in this place, and loved coming back to it at the end of the day. A good mix of old cabin and boathouse. Joe picked us up from the Bart station upon our arrival and gave us a quick tour of the area, a great host indeed. I thought he went above and beyond to make us feel welcome with champagne, beers, water, fruits, bagels and snacks. Well worth it and I highly recommend it."}