{"listing_id":17330,"id":903553,"date":"2012-02-06","reviewer_id":1382332,"reviewer_name":"Pablo","comments":"We had a wondeful time staying at Tanya´s house. The apartement is exactly as appear in the photos. Everything work in the appartement, the heater, the kitchen, everything. \r\nPacific Heights is one of the best neighborhoods of the city and the location is great, walking, car or collective one is close to everything.\r\nTanya is a great host. she gave us lots of information about the city and the places to know there.\r\nTanya is a wonderful person gentle and kind, it was a great pleasure knowing it. If i had to return to san francisco again without room for doubts would be its host again.\r\nI recommend 100% to Tanya and to his home to all those who want to travel to SF.\r\nThank you for everything Tanya"}