{"listing_id":276009,"id":917272,"date":"2012-02-13","reviewer_id":1575345,"reviewer_name":"Sverre","comments":"This is a huge apartment with a nice view of San Francisco, and the great garden which is perfect to hang out and relax in after a hard day of exploring. Or just sit inside in one of the couches and and joy the view. It was clean, quiet apartment and had all the amenities. Debbie and Steve helped me out with my laundry.\r\n\r\nThe apartment is between  Noe Valley and the Mission and right next to the J line. Getting around couldn't be easier. And it's in to my favorite neighborhoods. My favorite bakery, Tartine, is just  a few blocks away. Good coffee places like Four Barrel and Ritual are close. Dolores Park is practically on the doorstep, which is  a nice place to hang out and relax as well.\r\nThe Mission and Noe valley is filled with restaurants and bars as well. You don't really need the rest of San Francisco :)\r\n\r\nSteve and Debbie was great. I had constant communication with them throughout my stay. They even invited me upstairs for wine and Cheese. I really liked hanging out with them.  they know the area well and can recommend things to do.\r\n\r\n I spent 2 weeks in this apartment and loved every minute of it."}