{"listing_id":33577,"id":924830,"date":"2012-02-16","reviewer_id":208079,"reviewer_name":"Alison","comments":"I selected Kepa's Garden Suite for my recent trip to the Bay Area because I needed to be at an all-day conference in Mountain View but wanted to stay in SF. I was unfamiliar with the neighborhood, and enjoyed exploring the 18th strip of shops and terrific dining establishments. The public transportation access is very good. The place is about a 20 minute (very hilly) walk from the 22nd St. Caltrain station, and a short walk from many bus stops, including the #22 which stops at the 16th St BART station to return to SFO.\r\n\r\nThe suite itself had everything I needed. Kepa was a gracious host with whom I enjoyed talking. Her garden is stunning, and I regret I didn't have the opportunity to spend time out there with a book and a glass of wine.\r\n\r\nI fully intend to return."}