{"listing_id":33577,"id":927872,"date":"2012-02-17","reviewer_id":805620,"reviewer_name":"Dara","comments":"I've been hosted by Kepa a number of times but this is the first time I've stayed in the Garden Suite - I usually book the upstairs Garden Studio. The space is just as wonderful as the Studio with a bigger sitting area of couch and chairs where I did my early morning calls quite comfortably with a cup of fantastic coffee. I am never disappointed in Kepa's beautiful, serene and extremely comfortable lodging."}