{"listing_id":150848,"id":935519,"date":"2012-02-20","reviewer_id":1736187,"reviewer_name":"S. Erik","comments":"I was unlucky in that my first experience with AirBNB was a horrible one. Bad enough that  I had to be moved to a new host. \r\n\r\nLuckily Nancy was available last minute. When I say luckily - I mean that I was really lucky to stay with her. She is such a lovely and warm hearted woman with a clean and cozy home. The setup was unusual but very private - you have a little sanctuary (with a zen-like motif to the decorations) on top of the house with your own half bath and easy access to a shower at the bottom of the stairs. \r\n\r\nThe whole house was all immaculately clean. Nancy was eager to provide all of the information I needed and made wonderful suggestions for places from restaurants In Potrero to yoga studios in the area. What makes her so special is her helpful nature and beautiful personality. I would recommend her to anyone and would welcome the chance to stay again.\r\n\r\nPotrero Hills is a quiet and cute neighborhood with amazing views of San Francisco. There are nice restaurants near 18th Street. It's a 10min walk to the light rail - you can be to SOMA in 15min or downtown Market street in about 15-20min."}