{"listing_id":33577,"id":955252,"date":"2012-02-27","reviewer_id":1762736,"reviewer_name":"Matt","comments":"Forget 4 or even 5 star hotels... stay here. This is a beautiful paradise of a place, hidden behind a door on Missouri Street in Potrero Hill, one of the most beautiful and trendy neighborhoods in San Francisco. Once you open that door from the street, you enter a garden of eden— a beautifully landscaped garden with lights strung across the buildings. And in the middle of it all, there is your cottage, filled with books about architecture, comfy, and beautiful.\r\n\r\nI work in San Francisco, but currently live in San Jose. I try to stay here a few times a month to avoid the commute, and it truly is a home away from home. This is my personal \"Shangri La.\""}