{"listing_id":21334,"id":956716,"date":"2012-02-28","reviewer_id":1653276,"reviewer_name":"Josh","comments":"Nothing but great things to say about staying at Joe's loft.  Perfect location, a cool unique space (way better than a hotel room), and the perfect amount of hospitality.  Joe picked us up, gave us a quick tour of the place, pointed out the complimentary champagne, beer, baguette (delicious!), fruit, and snacks.  Then he wished us well and went on his way.  I would stay here again in a heartbeat."}