{"listing_id":150848,"id":963238,"date":"2012-03-01","reviewer_id":1679543,"reviewer_name":"Peter","comments":"Wonderful!!  Nancy is a friendly, generous, knowlegeable local who made my first experience with airbnb.com a delight. If you've never considered Portrero Hill, think again. Portrero Hill is a gem and perched at the top, Nancy's place is quintessentially San Francisco and loving restored.   The views of the city and  Bay are outstanding and the neighborhood has wonderful local restaurants and shops within walking distance. Public transportation to downtown is easy and quick, no transfers etc.  I couldn't have had a better first experience. Thanks Nancy!"}