{"listing_id":33577,"id":967654,"date":"2012-03-03","reviewer_id":1829053,"reviewer_name":"Angelo","comments":"This was my first Airbnb experience and I absolutely loved staying here. The circumstances of my visit were that i had a last minute trip planned to SF from the east coast (I had a job interview), and i requested to stay in Kepa's (the host) place really early in the morning before i had to take my 5:15am flight. While i was on my flight, which had wifi, i was able to see that she responded in the morning, and so by the time i got to SF around 11am, i had my Airbnb booked. \r\n\r\nFirst, i want to say is that this suite is AMAZING! When you first walk into the entrance from the street, it was like entering a secret garden. The landscaping is green filled with flowers and trees. The suite is on the lower level of this home. There is one apartment above you. I didn't here my neighbors, so no worries about that. The room and bathroom were clean and inviting. There were some \"hotel\" like features with a personal/homey touch: coffee maker, microwave, thing for tea, cups, and glasses, books to read, brochures about the city, and a flat screen with TV. The photos are pretty much accurate. There was also a nice binder that Kepa has personally provided about places she recommends in the area. If you do not have computer, this is great to use. Also, you can also ask Kepa herself. She is very friendly and approachable.  \r\n\r\nRegarding the neighborhood, it is  quiet and residential with some restaurants and cafes. I walked towards the Design District (15 minute walk) and there was plenty to see and shop if you like design and furniture.  Also, you'll find some more commercial stores as well.\r\n\r\nI only stayed two nights, and i wish i could have stayed longer.  Just book it, and you'll have no regrets!\r\n\r\n-A"}