{"listing_id":21334,"id":97394,"date":"2010-09-15","reviewer_id":130746,"reviewer_name":"Alex","comments":"We had a fabulous time staying at Joe's loft. It is well priced, and is in a very central location - walking distance to everywhere we wanted to go. The place itself has huge character and charm. We found the provisions left for us very generous. We were travelling from overseas, and Joe met us on our arrival, offered great advice on what to do and how to get around, and was a lovely host. We would recommend it to anyone, and would definitely stay there again!"}