{"listing_id":33577,"id":996832,"date":"2012-03-13","reviewer_id":1800821,"reviewer_name":"Kristen","comments":"We had a wonderful stay in the garden suite. Stepping from the sidewalk into Kepa's garden feels like entering a small Shangri-la. There were many thoughtful touches -- beer in the small fridge, freshly ground Ritual coffee delivered to our door and a program for a local film festival on the table. We enjoyed chatting with Kepa who is brimming with enthusiasm and good cheer. As a designer, it was a special treat to peruse the bookshelf."}